Epic Key,Summary,Description,Owner,Priority,Labels
STLD-E3101,Deliver One-Command OpenClaw Onboarding,"Create a single orchestration flow that detects OpenClaw, provisions trust primitives, configures MCP, and exits with a verified ready status in under 5 minutes.",DevEx Platform,Highest,"onboarding,openclaw,trust-os,critical-path"
STLD-E3102,Build Wallet Abstraction and Provider Adapter Layer,"Implement wallet-provider abstraction with pluggable adapters so Settld can provision and operate spend/escrow flows across Circle, Privy, and external wallets without changing policy/evidence logic.",Backend Platform,Highest,"wallets,adapters,platform,critical-path"
STLD-E3103,Ship Policy Profiles and Pack Engine,"Define policy-pack schema, compiler, simulator, and profile selector to let users choose safe defaults while allowing advanced customization.",Backend Platform,Highest,"policy,packs,profiles,critical-path"
STLD-E3104,Integrate OpenClaw Native Setup and UX,"Provide OpenClaw-native setup command, profile-aware MCP install, health checks, and recovery UX to keep onboarding in one CLI/TUI path.",DevEx Platform,Highest,"openclaw,mcp,ux,critical-path"
STLD-E3105,Harden Runtime Enforcement and Evidence Flows,"Ensure policy decisions, wallet authorizations, escalations, and receipts remain deterministic, replayable, and auditable across environments.",Backend Platform,Highest,"runtime,evidence,determinism,critical-path"
STLD-E3106,Launch Marketplace for Policy and Connector Packages,"Enable third-party publication, installation, trust scoring, and lifecycle management for policy packs and wallet/host connectors.",Product Platform,High,"marketplace,ecosystem,packages"
STLD-E3107,"Implement Security, Compliance, and Supply-Chain Controls","Add key-management options, signature enforcement, SBOM provenance, anomaly detection, intervention controls, and compliance mappings for enterprise readiness.",DevOps Security,Highest,"security,compliance,supply-chain,critical-path"
STLD-E3108,Establish SRE and Reliability Operating Baseline,"Define SLOs, tracing, metrics, alerting, chaos drills, and rollback automation for production-safe onboarding and authorization operations.",DevOps Platform,High,"sre,observability,reliability"
STLD-E3109,Create Certification and Quality Gates,"Build host and wallet conformance suites, deterministic E2E harnesses, load tests, and release gates to certify trust-layer behavior before launch.",QA Verification,Highest,"qa,certification,gates,critical-path"
STLD-E3110,Deliver Developer Experience and Documentation System,"Publish quickstarts, runbooks, architecture docs, threat models, templates, and interactive walkthroughs optimized for first-success outcomes.",DevEx Documentation,High,"docs,dx,adoption"
STLD-E3111,Execute Pilot Program and Launch Operations,"Run design-partner pilots, instrument activation funnel, track health, and package launch readiness for controlled public rollout.",GTM Pilot Ops,Highest,"gtm,pilots,launch,critical-path"
